"","site","date","spacing_m","temp_avg","sal_avg","dist_from_bags","reclaimed","absent","consumed"
"1","styron",20200721,4,29.5,23,0,20,7,"1"
"2","styron",20200721,4,29.5,23,0,20,7,"1"
"3","styron",20200721,4,29.5,23,0,20,7,"1"
"4","styron",20200721,4,29.5,23,0,20,7,"1"
"5","styron",20200721,4,29.5,23,0,20,7,"1"
"6","styron",20200721,4,29.5,23,0,20,7,"1"
"7","styron",20200721,4,29.5,23,0,20,7,"1"
"8","styron",20200721,4,29.5,23,0,20,7,"0"
"9","styron",20200721,4,29.5,23,0,20,7,"0"
"10","styron",20200721,4,29.5,23,0,20,7,"0"
"11","styron",20200721,4,29.5,23,0,20,7,"0"
"12","styron",20200721,4,29.5,23,0,20,7,"0"
"13","styron",20200721,4,29.5,23,0,20,7,"0"
"14","styron",20200721,4,29.5,23,0,20,7,"0"
"15","styron",20200721,4,29.5,23,0,20,7,"0"
"16","styron",20200721,4,29.5,23,0,20,7,"0"
"17","styron",20200721,4,29.5,23,0,20,7,"0"
"18","styron",20200721,4,29.5,23,0,20,7,"0"
"19","styron",20200721,4,29.5,23,0,20,7,"0"
"20","styron",20200721,4,29.5,23,0,20,7,"0"
"21","styron",20200721,4,29.5,23,2.5,20,12,"1"
"22","styron",20200721,4,29.5,23,2.5,20,12,"1"
"23","styron",20200721,4,29.5,23,2.5,20,12,"1"
"24","styron",20200721,4,29.5,23,2.5,20,12,"1"
"25","styron",20200721,4,29.5,23,2.5,20,12,"1"
"26","styron",20200721,4,29.5,23,2.5,20,12,"1"
"27","styron",20200721,4,29.5,23,2.5,20,12,"1"
"28","styron",20200721,4,29.5,23,2.5,20,12,"1"
"29","styron",20200721,4,29.5,23,2.5,20,12,"1"
"30","styron",20200721,4,29.5,23,2.5,20,12,"1"
"31","styron",20200721,4,29.5,23,2.5,20,12,"1"
"32","styron",20200721,4,29.5,23,2.5,20,12,"0"
"33","styron",20200721,4,29.5,23,2.5,20,12,"0"
"34","styron",20200721,4,29.5,23,2.5,20,12,"0"
"35","styron",20200721,4,29.5,23,2.5,20,12,"0"
"36","styron",20200721,4,29.5,23,2.5,20,12,"0"
"37","styron",20200721,4,29.5,23,2.5,20,12,"0"
"38","styron",20200721,4,29.5,23,2.5,20,12,"0"
"39","styron",20200721,4,29.5,23,2.5,20,12,"0"
"40","styron",20200721,4,29.5,23,5,20,8,"1"
"41","styron",20200721,4,29.5,23,5,20,8,"1"
"42","styron",20200721,4,29.5,23,5,20,8,"1"
"43","styron",20200721,4,29.5,23,5,20,8,"1"
"44","styron",20200721,4,29.5,23,5,20,8,"1"
"45","styron",20200721,4,29.5,23,5,20,8,"1"
"46","styron",20200721,4,29.5,23,5,20,8,"1"
"47","styron",20200721,4,29.5,23,5,20,8,"0"
"48","styron",20200721,4,29.5,23,5,20,8,"0"
"49","styron",20200721,4,29.5,23,5,20,8,"0"
"50","styron",20200721,4,29.5,23,5,20,8,"0"
"51","styron",20200721,4,29.5,23,5,20,8,"0"
"52","styron",20200721,4,29.5,23,5,20,8,"0"
"53","styron",20200721,4,29.5,23,5,20,8,"0"
"54","styron",20200721,4,29.5,23,5,20,8,"0"
"55","styron",20200721,4,29.5,23,5,20,8,"0"
"56","styron",20200721,4,29.5,23,5,20,8,"0"
"57","styron",20200721,4,29.5,23,5,20,8,"0"
"58","styron",20200721,4,29.5,23,5,20,8,"0"
"59","styron",20200721,4,29.5,23,10,20,10,"1"
"60","styron",20200721,4,29.5,23,10,20,10,"1"
"61","styron",20200721,4,29.5,23,10,20,10,"1"
"62","styron",20200721,4,29.5,23,10,20,10,"1"
"63","styron",20200721,4,29.5,23,10,20,10,"1"
"64","styron",20200721,4,29.5,23,10,20,10,"1"
"65","styron",20200721,4,29.5,23,10,20,10,"1"
"66","styron",20200721,4,29.5,23,10,20,10,"1"
"67","styron",20200721,4,29.5,23,10,20,10,"1"
"68","styron",20200721,4,29.5,23,10,20,10,"0"
"69","styron",20200721,4,29.5,23,10,20,10,"0"
"70","styron",20200721,4,29.5,23,10,20,10,"0"
"71","styron",20200721,4,29.5,23,10,20,10,"0"
"72","styron",20200721,4,29.5,23,10,20,10,"0"
"73","styron",20200721,4,29.5,23,10,20,10,"0"
"74","styron",20200721,4,29.5,23,10,20,10,"0"
"75","styron",20200721,4,29.5,23,10,20,10,"0"
"76","styron",20200721,4,29.5,23,10,20,10,"0"
"77","styron",20200721,4,29.5,23,10,20,10,"0"
"78","styron",20200721,4,29.5,23,20,20,10,"1"
"79","styron",20200721,4,29.5,23,20,20,10,"1"
"80","styron",20200721,4,29.5,23,20,20,10,"1"
"81","styron",20200721,4,29.5,23,20,20,10,"1"
"82","styron",20200721,4,29.5,23,20,20,10,"1"
"83","styron",20200721,4,29.5,23,20,20,10,"1"
"84","styron",20200721,4,29.5,23,20,20,10,"1"
"85","styron",20200721,4,29.5,23,20,20,10,"1"
"86","styron",20200721,4,29.5,23,20,20,10,"1"
"87","styron",20200721,4,29.5,23,20,20,10,"0"
"88","styron",20200721,4,29.5,23,20,20,10,"0"
"89","styron",20200721,4,29.5,23,20,20,10,"0"
"90","styron",20200721,4,29.5,23,20,20,10,"0"
"91","styron",20200721,4,29.5,23,20,20,10,"0"
"92","styron",20200721,4,29.5,23,20,20,10,"0"
"93","styron",20200721,4,29.5,23,20,20,10,"0"
"94","styron",20200721,4,29.5,23,20,20,10,"0"
"95","styron",20200721,4,29.5,23,20,20,10,"0"
"96","styron",20200721,4,29.5,23,20,20,10,"0"
"97","styron",20200721,4,29.5,23,40,20,8,"1"
"98","styron",20200721,4,29.5,23,40,20,8,"1"
"99","styron",20200721,4,29.5,23,40,20,8,"1"
"100","styron",20200721,4,29.5,23,40,20,8,"1"
"101","styron",20200721,4,29.5,23,40,20,8,"1"
"102","styron",20200721,4,29.5,23,40,20,8,"1"
"103","styron",20200721,4,29.5,23,40,20,8,"1"
"104","styron",20200721,4,29.5,23,40,20,8,"0"
"105","styron",20200721,4,29.5,23,40,20,8,"0"
"106","styron",20200721,4,29.5,23,40,20,8,"0"
"107","styron",20200721,4,29.5,23,40,20,8,"0"
"108","styron",20200721,4,29.5,23,40,20,8,"0"
"109","styron",20200721,4,29.5,23,40,20,8,"0"
"110","styron",20200721,4,29.5,23,40,20,8,"0"
"111","styron",20200721,4,29.5,23,40,20,8,"0"
"112","styron",20200721,4,29.5,23,40,20,8,"0"
"113","styron",20200721,4,29.5,23,40,20,8,"0"
"114","styron",20200721,4,29.5,23,40,20,8,"0"
"115","styron",20200721,4,29.5,23,40,20,8,"0"
"116","mera",20200820,1,26.35,18.5,0,15,0,"0"
"117","mera",20200820,1,26.35,18.5,0,15,0,"0"
"118","mera",20200820,1,26.35,18.5,0,15,0,"0"
"119","mera",20200820,1,26.35,18.5,0,15,0,"0"
"120","mera",20200820,1,26.35,18.5,0,15,0,"0"
"121","mera",20200820,1,26.35,18.5,0,15,0,"0"
"122","mera",20200820,1,26.35,18.5,0,15,0,"0"
"123","mera",20200820,1,26.35,18.5,0,15,0,"0"
"124","mera",20200820,1,26.35,18.5,0,15,0,"0"
"125","mera",20200820,1,26.35,18.5,0,15,0,"0"
"126","mera",20200820,1,26.35,18.5,0,15,0,"0"
"127","mera",20200820,1,26.35,18.5,0,15,0,"0"
"128","mera",20200820,1,26.35,18.5,0,15,0,"0"
"129","mera",20200820,1,26.35,18.5,0,15,0,"0"
"130","mera",20200820,1,26.35,18.5,2.5,15,0,"0"
"131","mera",20200820,1,26.35,18.5,2.5,15,0,"0"
"132","mera",20200820,1,26.35,18.5,2.5,15,0,"0"
"133","mera",20200820,1,26.35,18.5,2.5,15,0,"0"
"134","mera",20200820,1,26.35,18.5,2.5,15,0,"0"
"135","mera",20200820,1,26.35,18.5,2.5,15,0,"0"
"136","mera",20200820,1,26.35,18.5,2.5,15,0,"0"
"137","mera",20200820,1,26.35,18.5,2.5,15,0,"0"
"138","mera",20200820,1,26.35,18.5,2.5,15,0,"0"
"139","mera",20200820,1,26.35,18.5,2.5,15,0,"0"
"140","mera",20200820,1,26.35,18.5,2.5,15,0,"0"
"141","mera",20200820,1,26.35,18.5,2.5,15,0,"0"
"142","mera",20200820,1,26.35,18.5,2.5,15,0,"0"
"143","mera",20200820,1,26.35,18.5,2.5,15,0,"0"
"144","mera",20200820,1,26.35,18.5,5,15,1,"0"
"145","mera",20200820,1,26.35,18.5,5,15,1,"0"
"146","mera",20200820,1,26.35,18.5,5,15,1,"0"
"147","mera",20200820,1,26.35,18.5,5,15,1,"0"
"148","mera",20200820,1,26.35,18.5,5,15,1,"0"
"149","mera",20200820,1,26.35,18.5,5,15,1,"0"
"150","mera",20200820,1,26.35,18.5,5,15,1,"0"
"151","mera",20200820,1,26.35,18.5,5,15,1,"0"
"152","mera",20200820,1,26.35,18.5,5,15,1,"0"
"153","mera",20200820,1,26.35,18.5,5,15,1,"0"
"154","mera",20200820,1,26.35,18.5,5,15,1,"0"
"155","mera",20200820,1,26.35,18.5,5,15,1,"0"
"156","mera",20200820,1,26.35,18.5,5,15,1,"0"
"157","mera",20200820,1,26.35,18.5,5,15,1,"0"
"158","mera",20200820,1,26.35,18.5,10,15,0,"0"
"159","mera",20200820,1,26.35,18.5,10,15,0,"0"
"160","mera",20200820,1,26.35,18.5,10,15,0,"0"
"161","mera",20200820,1,26.35,18.5,10,15,0,"0"
"162","mera",20200820,1,26.35,18.5,10,15,0,"0"
"163","mera",20200820,1,26.35,18.5,10,15,0,"0"
"164","mera",20200820,1,26.35,18.5,10,15,0,"0"
"165","mera",20200820,1,26.35,18.5,10,15,0,"0"
"166","mera",20200820,1,26.35,18.5,10,15,0,"0"
"167","mera",20200820,1,26.35,18.5,10,15,0,"0"
"168","mera",20200820,1,26.35,18.5,10,15,0,"0"
"169","mera",20200820,1,26.35,18.5,10,15,0,"0"
"170","mera",20200820,1,26.35,18.5,10,15,0,"0"
"171","mera",20200820,1,26.35,18.5,10,15,0,"0"
"172","mera",20200820,1,26.35,18.5,20,15,1,"0"
"173","mera",20200820,1,26.35,18.5,20,15,1,"0"
"174","mera",20200820,1,26.35,18.5,20,15,1,"0"
"175","mera",20200820,1,26.35,18.5,20,15,1,"0"
"176","mera",20200820,1,26.35,18.5,20,15,1,"0"
"177","mera",20200820,1,26.35,18.5,20,15,1,"0"
"178","mera",20200820,1,26.35,18.5,20,15,1,"0"
"179","mera",20200820,1,26.35,18.5,20,15,1,"0"
"180","mera",20200820,1,26.35,18.5,20,15,1,"0"
"181","mera",20200820,1,26.35,18.5,20,15,1,"0"
"182","mera",20200820,1,26.35,18.5,20,15,1,"0"
"183","mera",20200820,1,26.35,18.5,20,15,1,"0"
"184","mera",20200820,1,26.35,18.5,20,15,1,"0"
"185","mera",20200820,1,26.35,18.5,20,15,1,"0"
"186","mera",20200820,1,26.35,18.5,40,15,1,"0"
"187","mera",20200820,1,26.35,18.5,40,15,1,"0"
"188","mera",20200820,1,26.35,18.5,40,15,1,"0"
"189","mera",20200820,1,26.35,18.5,40,15,1,"0"
"190","mera",20200820,1,26.35,18.5,40,15,1,"0"
"191","mera",20200820,1,26.35,18.5,40,15,1,"0"
"192","mera",20200820,1,26.35,18.5,40,15,1,"0"
"193","mera",20200820,1,26.35,18.5,40,15,1,"0"
"194","mera",20200820,1,26.35,18.5,40,15,1,"0"
"195","mera",20200820,1,26.35,18.5,40,15,1,"0"
"196","mera",20200820,1,26.35,18.5,40,15,1,"0"
"197","mera",20200820,1,26.35,18.5,40,15,1,"0"
"198","mera",20200820,1,26.35,18.5,40,15,1,"0"
"199","mera",20200820,1,26.35,18.5,40,15,1,"0"
"200","styron",20200814,4,27.8,30,0,20,3,"1"
"201","styron",20200814,4,27.8,30,0,20,3,"1"
"202","styron",20200814,4,27.8,30,0,20,3,"0"
"203","styron",20200814,4,27.8,30,0,20,3,"0"
"204","styron",20200814,4,27.8,30,0,20,3,"0"
"205","styron",20200814,4,27.8,30,0,20,3,"0"
"206","styron",20200814,4,27.8,30,0,20,3,"0"
"207","styron",20200814,4,27.8,30,0,20,3,"0"
"208","styron",20200814,4,27.8,30,0,20,3,"0"
"209","styron",20200814,4,27.8,30,0,20,3,"0"
"210","styron",20200814,4,27.8,30,0,20,3,"0"
"211","styron",20200814,4,27.8,30,0,20,3,"0"
"212","styron",20200814,4,27.8,30,0,20,3,"0"
"213","styron",20200814,4,27.8,30,0,20,3,"0"
"214","styron",20200814,4,27.8,30,0,20,3,"0"
"215","styron",20200814,4,27.8,30,0,20,3,"0"
"216","styron",20200814,4,27.8,30,0,20,3,"0"
"217","styron",20200814,4,27.8,30,0,20,3,"0"
"218","styron",20200814,4,27.8,30,0,20,3,"0"
"219","styron",20200814,4,27.8,30,2.5,20,3,"1"
"220","styron",20200814,4,27.8,30,2.5,20,3,"1"
"221","styron",20200814,4,27.8,30,2.5,20,3,"0"
"222","styron",20200814,4,27.8,30,2.5,20,3,"0"
"223","styron",20200814,4,27.8,30,2.5,20,3,"0"
"224","styron",20200814,4,27.8,30,2.5,20,3,"0"
"225","styron",20200814,4,27.8,30,2.5,20,3,"0"
"226","styron",20200814,4,27.8,30,2.5,20,3,"0"
"227","styron",20200814,4,27.8,30,2.5,20,3,"0"
"228","styron",20200814,4,27.8,30,2.5,20,3,"0"
"229","styron",20200814,4,27.8,30,2.5,20,3,"0"
"230","styron",20200814,4,27.8,30,2.5,20,3,"0"
"231","styron",20200814,4,27.8,30,2.5,20,3,"0"
"232","styron",20200814,4,27.8,30,2.5,20,3,"0"
"233","styron",20200814,4,27.8,30,2.5,20,3,"0"
"234","styron",20200814,4,27.8,30,2.5,20,3,"0"
"235","styron",20200814,4,27.8,30,2.5,20,3,"0"
"236","styron",20200814,4,27.8,30,2.5,20,3,"0"
"237","styron",20200814,4,27.8,30,2.5,20,3,"0"
"238","styron",20200814,4,27.8,30,5,20,1,"0"
"239","styron",20200814,4,27.8,30,5,20,1,"0"
"240","styron",20200814,4,27.8,30,5,20,1,"0"
"241","styron",20200814,4,27.8,30,5,20,1,"0"
"242","styron",20200814,4,27.8,30,5,20,1,"0"
"243","styron",20200814,4,27.8,30,5,20,1,"0"
"244","styron",20200814,4,27.8,30,5,20,1,"0"
"245","styron",20200814,4,27.8,30,5,20,1,"0"
"246","styron",20200814,4,27.8,30,5,20,1,"0"
"247","styron",20200814,4,27.8,30,5,20,1,"0"
"248","styron",20200814,4,27.8,30,5,20,1,"0"
"249","styron",20200814,4,27.8,30,5,20,1,"0"
"250","styron",20200814,4,27.8,30,5,20,1,"0"
"251","styron",20200814,4,27.8,30,5,20,1,"0"
"252","styron",20200814,4,27.8,30,5,20,1,"0"
"253","styron",20200814,4,27.8,30,5,20,1,"0"
"254","styron",20200814,4,27.8,30,5,20,1,"0"
"255","styron",20200814,4,27.8,30,5,20,1,"0"
"256","styron",20200814,4,27.8,30,5,20,1,"0"
"257","styron",20200814,4,27.8,30,10,20,2,"1"
"258","styron",20200814,4,27.8,30,10,20,2,"0"
"259","styron",20200814,4,27.8,30,10,20,2,"0"
"260","styron",20200814,4,27.8,30,10,20,2,"0"
"261","styron",20200814,4,27.8,30,10,20,2,"0"
"262","styron",20200814,4,27.8,30,10,20,2,"0"
"263","styron",20200814,4,27.8,30,10,20,2,"0"
"264","styron",20200814,4,27.8,30,10,20,2,"0"
"265","styron",20200814,4,27.8,30,10,20,2,"0"
"266","styron",20200814,4,27.8,30,10,20,2,"0"
"267","styron",20200814,4,27.8,30,10,20,2,"0"
"268","styron",20200814,4,27.8,30,10,20,2,"0"
"269","styron",20200814,4,27.8,30,10,20,2,"0"
"270","styron",20200814,4,27.8,30,10,20,2,"0"
"271","styron",20200814,4,27.8,30,10,20,2,"0"
"272","styron",20200814,4,27.8,30,10,20,2,"0"
"273","styron",20200814,4,27.8,30,10,20,2,"0"
"274","styron",20200814,4,27.8,30,10,20,2,"0"
"275","styron",20200814,4,27.8,30,10,20,2,"0"
"276","styron",20200814,4,27.8,30,20,20,3,"1"
"277","styron",20200814,4,27.8,30,20,20,3,"1"
"278","styron",20200814,4,27.8,30,20,20,3,"0"
"279","styron",20200814,4,27.8,30,20,20,3,"0"
"280","styron",20200814,4,27.8,30,20,20,3,"0"
"281","styron",20200814,4,27.8,30,20,20,3,"0"
"282","styron",20200814,4,27.8,30,20,20,3,"0"
"283","styron",20200814,4,27.8,30,20,20,3,"0"
"284","styron",20200814,4,27.8,30,20,20,3,"0"
"285","styron",20200814,4,27.8,30,20,20,3,"0"
"286","styron",20200814,4,27.8,30,20,20,3,"0"
"287","styron",20200814,4,27.8,30,20,20,3,"0"
"288","styron",20200814,4,27.8,30,20,20,3,"0"
"289","styron",20200814,4,27.8,30,20,20,3,"0"
"290","styron",20200814,4,27.8,30,20,20,3,"0"
"291","styron",20200814,4,27.8,30,20,20,3,"0"
"292","styron",20200814,4,27.8,30,20,20,3,"0"
"293","styron",20200814,4,27.8,30,20,20,3,"0"
"294","styron",20200814,4,27.8,30,20,20,3,"0"
"295","styron",20200814,4,27.8,30,40,20,2,"1"
"296","styron",20200814,4,27.8,30,40,20,2,"0"
"297","styron",20200814,4,27.8,30,40,20,2,"0"
"298","styron",20200814,4,27.8,30,40,20,2,"0"
"299","styron",20200814,4,27.8,30,40,20,2,"0"
"300","styron",20200814,4,27.8,30,40,20,2,"0"
"301","styron",20200814,4,27.8,30,40,20,2,"0"
"302","styron",20200814,4,27.8,30,40,20,2,"0"
"303","styron",20200814,4,27.8,30,40,20,2,"0"
"304","styron",20200814,4,27.8,30,40,20,2,"0"
"305","styron",20200814,4,27.8,30,40,20,2,"0"
"306","styron",20200814,4,27.8,30,40,20,2,"0"
"307","styron",20200814,4,27.8,30,40,20,2,"0"
"308","styron",20200814,4,27.8,30,40,20,2,"0"
"309","styron",20200814,4,27.8,30,40,20,2,"0"
"310","styron",20200814,4,27.8,30,40,20,2,"0"
"311","styron",20200814,4,27.8,30,40,20,2,"0"
"312","styron",20200814,4,27.8,30,40,20,2,"0"
"313","styron",20200814,4,27.8,30,40,20,2,"0"
"314","mera",20200829,1,29.1,32.5,0,15,0,"0"
"315","mera",20200829,1,29.1,32.5,0,15,0,"0"
"316","mera",20200829,1,29.1,32.5,0,15,0,"0"
"317","mera",20200829,1,29.1,32.5,0,15,0,"0"
"318","mera",20200829,1,29.1,32.5,0,15,0,"0"
"319","mera",20200829,1,29.1,32.5,0,15,0,"0"
"320","mera",20200829,1,29.1,32.5,0,15,0,"0"
"321","mera",20200829,1,29.1,32.5,0,15,0,"0"
"322","mera",20200829,1,29.1,32.5,0,15,0,"0"
"323","mera",20200829,1,29.1,32.5,0,15,0,"0"
"324","mera",20200829,1,29.1,32.5,0,15,0,"0"
"325","mera",20200829,1,29.1,32.5,0,15,0,"0"
"326","mera",20200829,1,29.1,32.5,0,15,0,"0"
"327","mera",20200829,1,29.1,32.5,0,15,0,"0"
"328","mera",20200829,1,29.1,32.5,2.5,15,3,"1"
"329","mera",20200829,1,29.1,32.5,2.5,15,3,"1"
"330","mera",20200829,1,29.1,32.5,2.5,15,3,"0"
"331","mera",20200829,1,29.1,32.5,2.5,15,3,"0"
"332","mera",20200829,1,29.1,32.5,2.5,15,3,"0"
"333","mera",20200829,1,29.1,32.5,2.5,15,3,"0"
"334","mera",20200829,1,29.1,32.5,2.5,15,3,"0"
"335","mera",20200829,1,29.1,32.5,2.5,15,3,"0"
"336","mera",20200829,1,29.1,32.5,2.5,15,3,"0"
"337","mera",20200829,1,29.1,32.5,2.5,15,3,"0"
"338","mera",20200829,1,29.1,32.5,2.5,15,3,"0"
"339","mera",20200829,1,29.1,32.5,2.5,15,3,"0"
"340","mera",20200829,1,29.1,32.5,2.5,15,3,"0"
"341","mera",20200829,1,29.1,32.5,2.5,15,3,"0"
"342","mera",20200829,1,29.1,32.5,5,15,7,"1"
"343","mera",20200829,1,29.1,32.5,5,15,7,"1"
"344","mera",20200829,1,29.1,32.5,5,15,7,"1"
"345","mera",20200829,1,29.1,32.5,5,15,7,"1"
"346","mera",20200829,1,29.1,32.5,5,15,7,"1"
"347","mera",20200829,1,29.1,32.5,5,15,7,"1"
"348","mera",20200829,1,29.1,32.5,5,15,7,"0"
"349","mera",20200829,1,29.1,32.5,5,15,7,"0"
"350","mera",20200829,1,29.1,32.5,5,15,7,"0"
"351","mera",20200829,1,29.1,32.5,5,15,7,"0"
"352","mera",20200829,1,29.1,32.5,5,15,7,"0"
"353","mera",20200829,1,29.1,32.5,5,15,7,"0"
"354","mera",20200829,1,29.1,32.5,5,15,7,"0"
"355","mera",20200829,1,29.1,32.5,5,15,7,"0"
"356","mera",20200829,1,29.1,32.5,10,15,7,"1"
"357","mera",20200829,1,29.1,32.5,10,15,7,"1"
"358","mera",20200829,1,29.1,32.5,10,15,7,"1"
"359","mera",20200829,1,29.1,32.5,10,15,7,"1"
"360","mera",20200829,1,29.1,32.5,10,15,7,"1"
"361","mera",20200829,1,29.1,32.5,10,15,7,"1"
"362","mera",20200829,1,29.1,32.5,10,15,7,"0"
"363","mera",20200829,1,29.1,32.5,10,15,7,"0"
"364","mera",20200829,1,29.1,32.5,10,15,7,"0"
"365","mera",20200829,1,29.1,32.5,10,15,7,"0"
"366","mera",20200829,1,29.1,32.5,10,15,7,"0"
"367","mera",20200829,1,29.1,32.5,10,15,7,"0"
"368","mera",20200829,1,29.1,32.5,10,15,7,"0"
"369","mera",20200829,1,29.1,32.5,10,15,7,"0"
"370","mera",20200829,1,29.1,32.5,20,15,7,"1"
"371","mera",20200829,1,29.1,32.5,20,15,7,"1"
"372","mera",20200829,1,29.1,32.5,20,15,7,"1"
"373","mera",20200829,1,29.1,32.5,20,15,7,"1"
"374","mera",20200829,1,29.1,32.5,20,15,7,"1"
"375","mera",20200829,1,29.1,32.5,20,15,7,"1"
"376","mera",20200829,1,29.1,32.5,20,15,7,"0"
"377","mera",20200829,1,29.1,32.5,20,15,7,"0"
"378","mera",20200829,1,29.1,32.5,20,15,7,"0"
"379","mera",20200829,1,29.1,32.5,20,15,7,"0"
"380","mera",20200829,1,29.1,32.5,20,15,7,"0"
"381","mera",20200829,1,29.1,32.5,20,15,7,"0"
"382","mera",20200829,1,29.1,32.5,20,15,7,"0"
"383","mera",20200829,1,29.1,32.5,20,15,7,"0"
"384","mera",20200829,1,29.1,32.5,40,15,2,"1"
"385","mera",20200829,1,29.1,32.5,40,15,2,"0"
"386","mera",20200829,1,29.1,32.5,40,15,2,"0"
"387","mera",20200829,1,29.1,32.5,40,15,2,"0"
"388","mera",20200829,1,29.1,32.5,40,15,2,"0"
"389","mera",20200829,1,29.1,32.5,40,15,2,"0"
"390","mera",20200829,1,29.1,32.5,40,15,2,"0"
"391","mera",20200829,1,29.1,32.5,40,15,2,"0"
"392","mera",20200829,1,29.1,32.5,40,15,2,"0"
"393","mera",20200829,1,29.1,32.5,40,15,2,"0"
"394","mera",20200829,1,29.1,32.5,40,15,2,"0"
"395","mera",20200829,1,29.1,32.5,40,15,2,"0"
"396","mera",20200829,1,29.1,32.5,40,15,2,"0"
"397","mera",20200829,1,29.1,32.5,40,15,2,"0"
"398","styron",20200828,3,28.25,26,0,20,1,"0"
"399","styron",20200828,3,28.25,26,0,20,1,"0"
"400","styron",20200828,3,28.25,26,0,20,1,"0"
"401","styron",20200828,3,28.25,26,0,20,1,"0"
"402","styron",20200828,3,28.25,26,0,20,1,"0"
"403","styron",20200828,3,28.25,26,0,20,1,"0"
"404","styron",20200828,3,28.25,26,0,20,1,"0"
"405","styron",20200828,3,28.25,26,0,20,1,"0"
"406","styron",20200828,3,28.25,26,0,20,1,"0"
"407","styron",20200828,3,28.25,26,0,20,1,"0"
"408","styron",20200828,3,28.25,26,0,20,1,"0"
"409","styron",20200828,3,28.25,26,0,20,1,"0"
"410","styron",20200828,3,28.25,26,0,20,1,"0"
"411","styron",20200828,3,28.25,26,0,20,1,"0"
"412","styron",20200828,3,28.25,26,0,20,1,"0"
"413","styron",20200828,3,28.25,26,0,20,1,"0"
"414","styron",20200828,3,28.25,26,0,20,1,"0"
"415","styron",20200828,3,28.25,26,0,20,1,"0"
"416","styron",20200828,3,28.25,26,0,20,1,"0"
"417","styron",20200828,3,28.25,26,2.5,20,1,"0"
"418","styron",20200828,3,28.25,26,2.5,20,1,"0"
"419","styron",20200828,3,28.25,26,2.5,20,1,"0"
"420","styron",20200828,3,28.25,26,2.5,20,1,"0"
"421","styron",20200828,3,28.25,26,2.5,20,1,"0"
"422","styron",20200828,3,28.25,26,2.5,20,1,"0"
"423","styron",20200828,3,28.25,26,2.5,20,1,"0"
"424","styron",20200828,3,28.25,26,2.5,20,1,"0"
"425","styron",20200828,3,28.25,26,2.5,20,1,"0"
"426","styron",20200828,3,28.25,26,2.5,20,1,"0"
"427","styron",20200828,3,28.25,26,2.5,20,1,"0"
"428","styron",20200828,3,28.25,26,2.5,20,1,"0"
"429","styron",20200828,3,28.25,26,2.5,20,1,"0"
"430","styron",20200828,3,28.25,26,2.5,20,1,"0"
"431","styron",20200828,3,28.25,26,2.5,20,1,"0"
"432","styron",20200828,3,28.25,26,2.5,20,1,"0"
"433","styron",20200828,3,28.25,26,2.5,20,1,"0"
"434","styron",20200828,3,28.25,26,2.5,20,1,"0"
"435","styron",20200828,3,28.25,26,2.5,20,1,"0"
"436","styron",20200828,3,28.25,26,5,20,4,"1"
"437","styron",20200828,3,28.25,26,5,20,4,"1"
"438","styron",20200828,3,28.25,26,5,20,4,"1"
"439","styron",20200828,3,28.25,26,5,20,4,"0"
"440","styron",20200828,3,28.25,26,5,20,4,"0"
"441","styron",20200828,3,28.25,26,5,20,4,"0"
"442","styron",20200828,3,28.25,26,5,20,4,"0"
"443","styron",20200828,3,28.25,26,5,20,4,"0"
"444","styron",20200828,3,28.25,26,5,20,4,"0"
"445","styron",20200828,3,28.25,26,5,20,4,"0"
"446","styron",20200828,3,28.25,26,5,20,4,"0"
"447","styron",20200828,3,28.25,26,5,20,4,"0"
"448","styron",20200828,3,28.25,26,5,20,4,"0"
"449","styron",20200828,3,28.25,26,5,20,4,"0"
"450","styron",20200828,3,28.25,26,5,20,4,"0"
"451","styron",20200828,3,28.25,26,5,20,4,"0"
"452","styron",20200828,3,28.25,26,5,20,4,"0"
"453","styron",20200828,3,28.25,26,5,20,4,"0"
"454","styron",20200828,3,28.25,26,5,20,4,"0"
"455","styron",20200828,3,28.25,26,10,19,2,"1"
"456","styron",20200828,3,28.25,26,10,19,2,"0"
"457","styron",20200828,3,28.25,26,10,19,2,"0"
"458","styron",20200828,3,28.25,26,10,19,2,"0"
"459","styron",20200828,3,28.25,26,10,19,2,"0"
"460","styron",20200828,3,28.25,26,10,19,2,"0"
"461","styron",20200828,3,28.25,26,10,19,2,"0"
"462","styron",20200828,3,28.25,26,10,19,2,"0"
"463","styron",20200828,3,28.25,26,10,19,2,"0"
"464","styron",20200828,3,28.25,26,10,19,2,"0"
"465","styron",20200828,3,28.25,26,10,19,2,"0"
"466","styron",20200828,3,28.25,26,10,19,2,"0"
"467","styron",20200828,3,28.25,26,10,19,2,"0"
"468","styron",20200828,3,28.25,26,10,19,2,"0"
"469","styron",20200828,3,28.25,26,10,19,2,"0"
"470","styron",20200828,3,28.25,26,10,19,2,"0"
"471","styron",20200828,3,28.25,26,10,19,2,"0"
"472","styron",20200828,3,28.25,26,10,19,2,"0"
"473","styron",20200828,3,28.25,26,20,20,4,"1"
"474","styron",20200828,3,28.25,26,20,20,4,"1"
"475","styron",20200828,3,28.25,26,20,20,4,"1"
"476","styron",20200828,3,28.25,26,20,20,4,"0"
"477","styron",20200828,3,28.25,26,20,20,4,"0"
"478","styron",20200828,3,28.25,26,20,20,4,"0"
"479","styron",20200828,3,28.25,26,20,20,4,"0"
"480","styron",20200828,3,28.25,26,20,20,4,"0"
"481","styron",20200828,3,28.25,26,20,20,4,"0"
"482","styron",20200828,3,28.25,26,20,20,4,"0"
"483","styron",20200828,3,28.25,26,20,20,4,"0"
"484","styron",20200828,3,28.25,26,20,20,4,"0"
"485","styron",20200828,3,28.25,26,20,20,4,"0"
"486","styron",20200828,3,28.25,26,20,20,4,"0"
"487","styron",20200828,3,28.25,26,20,20,4,"0"
"488","styron",20200828,3,28.25,26,20,20,4,"0"
"489","styron",20200828,3,28.25,26,20,20,4,"0"
"490","styron",20200828,3,28.25,26,20,20,4,"0"
"491","styron",20200828,3,28.25,26,20,20,4,"0"
"492","styron",20200828,3,28.25,26,40,20,4,"1"
"493","styron",20200828,3,28.25,26,40,20,4,"1"
"494","styron",20200828,3,28.25,26,40,20,4,"1"
"495","styron",20200828,3,28.25,26,40,20,4,"0"
"496","styron",20200828,3,28.25,26,40,20,4,"0"
"497","styron",20200828,3,28.25,26,40,20,4,"0"
"498","styron",20200828,3,28.25,26,40,20,4,"0"
"499","styron",20200828,3,28.25,26,40,20,4,"0"
"500","styron",20200828,3,28.25,26,40,20,4,"0"
"501","styron",20200828,3,28.25,26,40,20,4,"0"
"502","styron",20200828,3,28.25,26,40,20,4,"0"
"503","styron",20200828,3,28.25,26,40,20,4,"0"
"504","styron",20200828,3,28.25,26,40,20,4,"0"
"505","styron",20200828,3,28.25,26,40,20,4,"0"
"506","styron",20200828,3,28.25,26,40,20,4,"0"
"507","styron",20200828,3,28.25,26,40,20,4,"0"
"508","styron",20200828,3,28.25,26,40,20,4,"0"
"509","styron",20200828,3,28.25,26,40,20,4,"0"
"510","styron",20200828,3,28.25,26,40,20,4,"0"
"511","styron",20200904,3,29,29,0,18,1,"0"
"512","styron",20200904,3,29,29,0,18,1,"0"
"513","styron",20200904,3,29,29,0,18,1,"0"
"514","styron",20200904,3,29,29,0,18,1,"0"
"515","styron",20200904,3,29,29,0,18,1,"0"
"516","styron",20200904,3,29,29,0,18,1,"0"
"517","styron",20200904,3,29,29,0,18,1,"0"
"518","styron",20200904,3,29,29,0,18,1,"0"
"519","styron",20200904,3,29,29,0,18,1,"0"
"520","styron",20200904,3,29,29,0,18,1,"0"
"521","styron",20200904,3,29,29,0,18,1,"0"
"522","styron",20200904,3,29,29,0,18,1,"0"
"523","styron",20200904,3,29,29,0,18,1,"0"
"524","styron",20200904,3,29,29,0,18,1,"0"
"525","styron",20200904,3,29,29,0,18,1,"0"
"526","styron",20200904,3,29,29,0,18,1,"0"
"527","styron",20200904,3,29,29,0,18,1,"0"
"528","styron",20200904,3,29,29,2.5,18,0,"0"
"529","styron",20200904,3,29,29,2.5,18,0,"0"
"530","styron",20200904,3,29,29,2.5,18,0,"0"
"531","styron",20200904,3,29,29,2.5,18,0,"0"
"532","styron",20200904,3,29,29,2.5,18,0,"0"
"533","styron",20200904,3,29,29,2.5,18,0,"0"
"534","styron",20200904,3,29,29,2.5,18,0,"0"
"535","styron",20200904,3,29,29,2.5,18,0,"0"
"536","styron",20200904,3,29,29,2.5,18,0,"0"
"537","styron",20200904,3,29,29,2.5,18,0,"0"
"538","styron",20200904,3,29,29,2.5,18,0,"0"
"539","styron",20200904,3,29,29,2.5,18,0,"0"
"540","styron",20200904,3,29,29,2.5,18,0,"0"
"541","styron",20200904,3,29,29,2.5,18,0,"0"
"542","styron",20200904,3,29,29,2.5,18,0,"0"
"543","styron",20200904,3,29,29,2.5,18,0,"0"
"544","styron",20200904,3,29,29,2.5,18,0,"0"
"545","styron",20200904,3,29,29,5,18,2,"1"
"546","styron",20200904,3,29,29,5,18,2,"0"
"547","styron",20200904,3,29,29,5,18,2,"0"
"548","styron",20200904,3,29,29,5,18,2,"0"
"549","styron",20200904,3,29,29,5,18,2,"0"
"550","styron",20200904,3,29,29,5,18,2,"0"
"551","styron",20200904,3,29,29,5,18,2,"0"
"552","styron",20200904,3,29,29,5,18,2,"0"
"553","styron",20200904,3,29,29,5,18,2,"0"
"554","styron",20200904,3,29,29,5,18,2,"0"
"555","styron",20200904,3,29,29,5,18,2,"0"
"556","styron",20200904,3,29,29,5,18,2,"0"
"557","styron",20200904,3,29,29,5,18,2,"0"
"558","styron",20200904,3,29,29,5,18,2,"0"
"559","styron",20200904,3,29,29,5,18,2,"0"
"560","styron",20200904,3,29,29,5,18,2,"0"
"561","styron",20200904,3,29,29,5,18,2,"0"
"562","styron",20200904,3,29,29,10,17,4,"1"
"563","styron",20200904,3,29,29,10,17,4,"1"
"564","styron",20200904,3,29,29,10,17,4,"1"
"565","styron",20200904,3,29,29,10,17,4,"0"
"566","styron",20200904,3,29,29,10,17,4,"0"
"567","styron",20200904,3,29,29,10,17,4,"0"
"568","styron",20200904,3,29,29,10,17,4,"0"
"569","styron",20200904,3,29,29,10,17,4,"0"
"570","styron",20200904,3,29,29,10,17,4,"0"
"571","styron",20200904,3,29,29,10,17,4,"0"
"572","styron",20200904,3,29,29,10,17,4,"0"
"573","styron",20200904,3,29,29,10,17,4,"0"
"574","styron",20200904,3,29,29,10,17,4,"0"
"575","styron",20200904,3,29,29,10,17,4,"0"
"576","styron",20200904,3,29,29,10,17,4,"0"
"577","styron",20200904,3,29,29,10,17,4,"0"
"578","styron",20200904,3,29,29,20,18,8,"1"
"579","styron",20200904,3,29,29,20,18,8,"1"
"580","styron",20200904,3,29,29,20,18,8,"1"
"581","styron",20200904,3,29,29,20,18,8,"1"
"582","styron",20200904,3,29,29,20,18,8,"1"
"583","styron",20200904,3,29,29,20,18,8,"1"
"584","styron",20200904,3,29,29,20,18,8,"1"
"585","styron",20200904,3,29,29,20,18,8,"0"
"586","styron",20200904,3,29,29,20,18,8,"0"
"587","styron",20200904,3,29,29,20,18,8,"0"
"588","styron",20200904,3,29,29,20,18,8,"0"
"589","styron",20200904,3,29,29,20,18,8,"0"
"590","styron",20200904,3,29,29,20,18,8,"0"
"591","styron",20200904,3,29,29,20,18,8,"0"
"592","styron",20200904,3,29,29,20,18,8,"0"
"593","styron",20200904,3,29,29,20,18,8,"0"
"594","styron",20200904,3,29,29,20,18,8,"0"
"595","styron",20200904,3,29,29,40,18,4,"1"
"596","styron",20200904,3,29,29,40,18,4,"1"
"597","styron",20200904,3,29,29,40,18,4,"1"
"598","styron",20200904,3,29,29,40,18,4,"0"
"599","styron",20200904,3,29,29,40,18,4,"0"
"600","styron",20200904,3,29,29,40,18,4,"0"
"601","styron",20200904,3,29,29,40,18,4,"0"
"602","styron",20200904,3,29,29,40,18,4,"0"
"603","styron",20200904,3,29,29,40,18,4,"0"
"604","styron",20200904,3,29,29,40,18,4,"0"
"605","styron",20200904,3,29,29,40,18,4,"0"
"606","styron",20200904,3,29,29,40,18,4,"0"
"607","styron",20200904,3,29,29,40,18,4,"0"
"608","styron",20200904,3,29,29,40,18,4,"0"
"609","styron",20200904,3,29,29,40,18,4,"0"
"610","styron",20200904,3,29,29,40,18,4,"0"
"611","styron",20200904,3,29,29,40,18,4,"0"
"612","mera",20200913,1,25.4,27.5,0,16,3,"1"
"613","mera",20200913,1,25.4,27.5,0,16,3,"1"
"614","mera",20200913,1,25.4,27.5,0,16,3,"0"
"615","mera",20200913,1,25.4,27.5,0,16,3,"0"
"616","mera",20200913,1,25.4,27.5,0,16,3,"0"
"617","mera",20200913,1,25.4,27.5,0,16,3,"0"
"618","mera",20200913,1,25.4,27.5,0,16,3,"0"
"619","mera",20200913,1,25.4,27.5,0,16,3,"0"
"620","mera",20200913,1,25.4,27.5,0,16,3,"0"
"621","mera",20200913,1,25.4,27.5,0,16,3,"0"
"622","mera",20200913,1,25.4,27.5,0,16,3,"0"
"623","mera",20200913,1,25.4,27.5,0,16,3,"0"
"624","mera",20200913,1,25.4,27.5,0,16,3,"0"
"625","mera",20200913,1,25.4,27.5,0,16,3,"0"
"626","mera",20200913,1,25.4,27.5,0,16,3,"0"
"627","mera",20200913,1,25.4,27.5,2.5,15,5,"1"
"628","mera",20200913,1,25.4,27.5,2.5,15,5,"1"
"629","mera",20200913,1,25.4,27.5,2.5,15,5,"1"
"630","mera",20200913,1,25.4,27.5,2.5,15,5,"1"
"631","mera",20200913,1,25.4,27.5,2.5,15,5,"0"
"632","mera",20200913,1,25.4,27.5,2.5,15,5,"0"
"633","mera",20200913,1,25.4,27.5,2.5,15,5,"0"
"634","mera",20200913,1,25.4,27.5,2.5,15,5,"0"
"635","mera",20200913,1,25.4,27.5,2.5,15,5,"0"
"636","mera",20200913,1,25.4,27.5,2.5,15,5,"0"
"637","mera",20200913,1,25.4,27.5,2.5,15,5,"0"
"638","mera",20200913,1,25.4,27.5,2.5,15,5,"0"
"639","mera",20200913,1,25.4,27.5,2.5,15,5,"0"
"640","mera",20200913,1,25.4,27.5,2.5,15,5,"0"
"641","mera",20200913,1,25.4,27.5,5,16,4,"1"
"642","mera",20200913,1,25.4,27.5,5,16,4,"1"
"643","mera",20200913,1,25.4,27.5,5,16,4,"1"
"644","mera",20200913,1,25.4,27.5,5,16,4,"0"
"645","mera",20200913,1,25.4,27.5,5,16,4,"0"
"646","mera",20200913,1,25.4,27.5,5,16,4,"0"
"647","mera",20200913,1,25.4,27.5,5,16,4,"0"
"648","mera",20200913,1,25.4,27.5,5,16,4,"0"
"649","mera",20200913,1,25.4,27.5,5,16,4,"0"
"650","mera",20200913,1,25.4,27.5,5,16,4,"0"
"651","mera",20200913,1,25.4,27.5,5,16,4,"0"
"652","mera",20200913,1,25.4,27.5,5,16,4,"0"
"653","mera",20200913,1,25.4,27.5,5,16,4,"0"
"654","mera",20200913,1,25.4,27.5,5,16,4,"0"
"655","mera",20200913,1,25.4,27.5,5,16,4,"0"
"656","mera",20200913,1,25.4,27.5,10,16,1,"0"
"657","mera",20200913,1,25.4,27.5,10,16,1,"0"
"658","mera",20200913,1,25.4,27.5,10,16,1,"0"
"659","mera",20200913,1,25.4,27.5,10,16,1,"0"
"660","mera",20200913,1,25.4,27.5,10,16,1,"0"
"661","mera",20200913,1,25.4,27.5,10,16,1,"0"
"662","mera",20200913,1,25.4,27.5,10,16,1,"0"
"663","mera",20200913,1,25.4,27.5,10,16,1,"0"
"664","mera",20200913,1,25.4,27.5,10,16,1,"0"
"665","mera",20200913,1,25.4,27.5,10,16,1,"0"
"666","mera",20200913,1,25.4,27.5,10,16,1,"0"
"667","mera",20200913,1,25.4,27.5,10,16,1,"0"
"668","mera",20200913,1,25.4,27.5,10,16,1,"0"
"669","mera",20200913,1,25.4,27.5,10,16,1,"0"
"670","mera",20200913,1,25.4,27.5,10,16,1,"0"
"671","mera",20200913,1,25.4,27.5,20,16,13,"1"
"672","mera",20200913,1,25.4,27.5,20,16,13,"1"
"673","mera",20200913,1,25.4,27.5,20,16,13,"1"
"674","mera",20200913,1,25.4,27.5,20,16,13,"1"
"675","mera",20200913,1,25.4,27.5,20,16,13,"1"
"676","mera",20200913,1,25.4,27.5,20,16,13,"1"
"677","mera",20200913,1,25.4,27.5,20,16,13,"1"
"678","mera",20200913,1,25.4,27.5,20,16,13,"1"
"679","mera",20200913,1,25.4,27.5,20,16,13,"1"
"680","mera",20200913,1,25.4,27.5,20,16,13,"1"
"681","mera",20200913,1,25.4,27.5,20,16,13,"1"
"682","mera",20200913,1,25.4,27.5,20,16,13,"1"
"683","mera",20200913,1,25.4,27.5,20,16,13,"0"
"684","mera",20200913,1,25.4,27.5,20,16,13,"0"
"685","mera",20200913,1,25.4,27.5,20,16,13,"0"
"686","mera",20200913,1,25.4,27.5,40,16,3,"1"
"687","mera",20200913,1,25.4,27.5,40,16,3,"1"
"688","mera",20200913,1,25.4,27.5,40,16,3,"0"
"689","mera",20200913,1,25.4,27.5,40,16,3,"0"
"690","mera",20200913,1,25.4,27.5,40,16,3,"0"
"691","mera",20200913,1,25.4,27.5,40,16,3,"0"
"692","mera",20200913,1,25.4,27.5,40,16,3,"0"
"693","mera",20200913,1,25.4,27.5,40,16,3,"0"
"694","mera",20200913,1,25.4,27.5,40,16,3,"0"
"695","mera",20200913,1,25.4,27.5,40,16,3,"0"
"696","mera",20200913,1,25.4,27.5,40,16,3,"0"
"697","mera",20200913,1,25.4,27.5,40,16,3,"0"
"698","mera",20200913,1,25.4,27.5,40,16,3,"0"
"699","mera",20200913,1,25.4,27.5,40,16,3,"0"
"700","mera",20200913,1,25.4,27.5,40,16,3,"0"
"701","mera",20201009,1,22.4,30.5,0,15,0,"0"
"702","mera",20201009,1,22.4,30.5,0,15,0,"0"
"703","mera",20201009,1,22.4,30.5,0,15,0,"0"
"704","mera",20201009,1,22.4,30.5,0,15,0,"0"
"705","mera",20201009,1,22.4,30.5,0,15,0,"0"
"706","mera",20201009,1,22.4,30.5,0,15,0,"0"
"707","mera",20201009,1,22.4,30.5,0,15,0,"0"
"708","mera",20201009,1,22.4,30.5,0,15,0,"0"
"709","mera",20201009,1,22.4,30.5,0,15,0,"0"
"710","mera",20201009,1,22.4,30.5,0,15,0,"0"
"711","mera",20201009,1,22.4,30.5,0,15,0,"0"
"712","mera",20201009,1,22.4,30.5,0,15,0,"0"
"713","mera",20201009,1,22.4,30.5,0,15,0,"0"
"714","mera",20201009,1,22.4,30.5,0,15,0,"0"
"715","mera",20201009,1,22.4,30.5,2.5,15,0,"0"
"716","mera",20201009,1,22.4,30.5,2.5,15,0,"0"
"717","mera",20201009,1,22.4,30.5,2.5,15,0,"0"
"718","mera",20201009,1,22.4,30.5,2.5,15,0,"0"
"719","mera",20201009,1,22.4,30.5,2.5,15,0,"0"
"720","mera",20201009,1,22.4,30.5,2.5,15,0,"0"
"721","mera",20201009,1,22.4,30.5,2.5,15,0,"0"
"722","mera",20201009,1,22.4,30.5,2.5,15,0,"0"
"723","mera",20201009,1,22.4,30.5,2.5,15,0,"0"
"724","mera",20201009,1,22.4,30.5,2.5,15,0,"0"
"725","mera",20201009,1,22.4,30.5,2.5,15,0,"0"
"726","mera",20201009,1,22.4,30.5,2.5,15,0,"0"
"727","mera",20201009,1,22.4,30.5,2.5,15,0,"0"
"728","mera",20201009,1,22.4,30.5,2.5,15,0,"0"
"729","mera",20201009,1,22.4,30.5,5,15,0,"0"
"730","mera",20201009,1,22.4,30.5,5,15,0,"0"
"731","mera",20201009,1,22.4,30.5,5,15,0,"0"
"732","mera",20201009,1,22.4,30.5,5,15,0,"0"
"733","mera",20201009,1,22.4,30.5,5,15,0,"0"
"734","mera",20201009,1,22.4,30.5,5,15,0,"0"
"735","mera",20201009,1,22.4,30.5,5,15,0,"0"
"736","mera",20201009,1,22.4,30.5,5,15,0,"0"
"737","mera",20201009,1,22.4,30.5,5,15,0,"0"
"738","mera",20201009,1,22.4,30.5,5,15,0,"0"
"739","mera",20201009,1,22.4,30.5,5,15,0,"0"
"740","mera",20201009,1,22.4,30.5,5,15,0,"0"
"741","mera",20201009,1,22.4,30.5,5,15,0,"0"
"742","mera",20201009,1,22.4,30.5,5,15,0,"0"
"743","mera",20201009,1,22.4,30.5,10,15,0,"0"
"744","mera",20201009,1,22.4,30.5,10,15,0,"0"
"745","mera",20201009,1,22.4,30.5,10,15,0,"0"
"746","mera",20201009,1,22.4,30.5,10,15,0,"0"
"747","mera",20201009,1,22.4,30.5,10,15,0,"0"
"748","mera",20201009,1,22.4,30.5,10,15,0,"0"
"749","mera",20201009,1,22.4,30.5,10,15,0,"0"
"750","mera",20201009,1,22.4,30.5,10,15,0,"0"
"751","mera",20201009,1,22.4,30.5,10,15,0,"0"
"752","mera",20201009,1,22.4,30.5,10,15,0,"0"
"753","mera",20201009,1,22.4,30.5,10,15,0,"0"
"754","mera",20201009,1,22.4,30.5,10,15,0,"0"
"755","mera",20201009,1,22.4,30.5,10,15,0,"0"
"756","mera",20201009,1,22.4,30.5,10,15,0,"0"
"757","mera",20201009,1,22.4,30.5,20,15,0,"0"
"758","mera",20201009,1,22.4,30.5,20,15,0,"0"
"759","mera",20201009,1,22.4,30.5,20,15,0,"0"
"760","mera",20201009,1,22.4,30.5,20,15,0,"0"
"761","mera",20201009,1,22.4,30.5,20,15,0,"0"
"762","mera",20201009,1,22.4,30.5,20,15,0,"0"
"763","mera",20201009,1,22.4,30.5,20,15,0,"0"
"764","mera",20201009,1,22.4,30.5,20,15,0,"0"
"765","mera",20201009,1,22.4,30.5,20,15,0,"0"
"766","mera",20201009,1,22.4,30.5,20,15,0,"0"
"767","mera",20201009,1,22.4,30.5,20,15,0,"0"
"768","mera",20201009,1,22.4,30.5,20,15,0,"0"
"769","mera",20201009,1,22.4,30.5,20,15,0,"0"
"770","mera",20201009,1,22.4,30.5,20,15,0,"0"
"771","mera",20201009,1,22.4,30.5,40,15,0,"0"
"772","mera",20201009,1,22.4,30.5,40,15,0,"0"
"773","mera",20201009,1,22.4,30.5,40,15,0,"0"
"774","mera",20201009,1,22.4,30.5,40,15,0,"0"
"775","mera",20201009,1,22.4,30.5,40,15,0,"0"
"776","mera",20201009,1,22.4,30.5,40,15,0,"0"
"777","mera",20201009,1,22.4,30.5,40,15,0,"0"
"778","mera",20201009,1,22.4,30.5,40,15,0,"0"
"779","mera",20201009,1,22.4,30.5,40,15,0,"0"
"780","mera",20201009,1,22.4,30.5,40,15,0,"0"
"781","mera",20201009,1,22.4,30.5,40,15,0,"0"
"782","mera",20201009,1,22.4,30.5,40,15,0,"0"
"783","mera",20201009,1,22.4,30.5,40,15,0,"0"
"784","mera",20201009,1,22.4,30.5,40,15,0,"0"
"785","styron",20201016,4,22.9,23,0,20,4,"1"
"786","styron",20201016,4,22.9,23,0,20,4,"1"
"787","styron",20201016,4,22.9,23,0,20,4,"1"
"788","styron",20201016,4,22.9,23,0,20,4,"0"
"789","styron",20201016,4,22.9,23,0,20,4,"0"
"790","styron",20201016,4,22.9,23,0,20,4,"0"
"791","styron",20201016,4,22.9,23,0,20,4,"0"
"792","styron",20201016,4,22.9,23,0,20,4,"0"
"793","styron",20201016,4,22.9,23,0,20,4,"0"
"794","styron",20201016,4,22.9,23,0,20,4,"0"
"795","styron",20201016,4,22.9,23,0,20,4,"0"
"796","styron",20201016,4,22.9,23,0,20,4,"0"
"797","styron",20201016,4,22.9,23,0,20,4,"0"
"798","styron",20201016,4,22.9,23,0,20,4,"0"
"799","styron",20201016,4,22.9,23,0,20,4,"0"
"800","styron",20201016,4,22.9,23,0,20,4,"0"
"801","styron",20201016,4,22.9,23,0,20,4,"0"
"802","styron",20201016,4,22.9,23,0,20,4,"0"
"803","styron",20201016,4,22.9,23,0,20,4,"0"
"804","styron",20201016,4,22.9,23,2.5,20,6,"1"
"805","styron",20201016,4,22.9,23,2.5,20,6,"1"
"806","styron",20201016,4,22.9,23,2.5,20,6,"1"
"807","styron",20201016,4,22.9,23,2.5,20,6,"1"
"808","styron",20201016,4,22.9,23,2.5,20,6,"1"
"809","styron",20201016,4,22.9,23,2.5,20,6,"0"
"810","styron",20201016,4,22.9,23,2.5,20,6,"0"
"811","styron",20201016,4,22.9,23,2.5,20,6,"0"
"812","styron",20201016,4,22.9,23,2.5,20,6,"0"
"813","styron",20201016,4,22.9,23,2.5,20,6,"0"
"814","styron",20201016,4,22.9,23,2.5,20,6,"0"
"815","styron",20201016,4,22.9,23,2.5,20,6,"0"
"816","styron",20201016,4,22.9,23,2.5,20,6,"0"
"817","styron",20201016,4,22.9,23,2.5,20,6,"0"
"818","styron",20201016,4,22.9,23,2.5,20,6,"0"
"819","styron",20201016,4,22.9,23,2.5,20,6,"0"
"820","styron",20201016,4,22.9,23,2.5,20,6,"0"
"821","styron",20201016,4,22.9,23,2.5,20,6,"0"
"822","styron",20201016,4,22.9,23,2.5,20,6,"0"
"823","styron",20201016,4,22.9,23,5,20,4,"1"
"824","styron",20201016,4,22.9,23,5,20,4,"1"
"825","styron",20201016,4,22.9,23,5,20,4,"1"
"826","styron",20201016,4,22.9,23,5,20,4,"0"
"827","styron",20201016,4,22.9,23,5,20,4,"0"
"828","styron",20201016,4,22.9,23,5,20,4,"0"
"829","styron",20201016,4,22.9,23,5,20,4,"0"
"830","styron",20201016,4,22.9,23,5,20,4,"0"
"831","styron",20201016,4,22.9,23,5,20,4,"0"
"832","styron",20201016,4,22.9,23,5,20,4,"0"
"833","styron",20201016,4,22.9,23,5,20,4,"0"
"834","styron",20201016,4,22.9,23,5,20,4,"0"
"835","styron",20201016,4,22.9,23,5,20,4,"0"
"836","styron",20201016,4,22.9,23,5,20,4,"0"
"837","styron",20201016,4,22.9,23,5,20,4,"0"
"838","styron",20201016,4,22.9,23,5,20,4,"0"
"839","styron",20201016,4,22.9,23,5,20,4,"0"
"840","styron",20201016,4,22.9,23,5,20,4,"0"
"841","styron",20201016,4,22.9,23,5,20,4,"0"
"842","styron",20201016,4,22.9,23,10,20,5,"1"
"843","styron",20201016,4,22.9,23,10,20,5,"1"
"844","styron",20201016,4,22.9,23,10,20,5,"1"
"845","styron",20201016,4,22.9,23,10,20,5,"1"
"846","styron",20201016,4,22.9,23,10,20,5,"0"
"847","styron",20201016,4,22.9,23,10,20,5,"0"
"848","styron",20201016,4,22.9,23,10,20,5,"0"
"849","styron",20201016,4,22.9,23,10,20,5,"0"
"850","styron",20201016,4,22.9,23,10,20,5,"0"
"851","styron",20201016,4,22.9,23,10,20,5,"0"
"852","styron",20201016,4,22.9,23,10,20,5,"0"
"853","styron",20201016,4,22.9,23,10,20,5,"0"
"854","styron",20201016,4,22.9,23,10,20,5,"0"
"855","styron",20201016,4,22.9,23,10,20,5,"0"
"856","styron",20201016,4,22.9,23,10,20,5,"0"
"857","styron",20201016,4,22.9,23,10,20,5,"0"
"858","styron",20201016,4,22.9,23,10,20,5,"0"
"859","styron",20201016,4,22.9,23,10,20,5,"0"
"860","styron",20201016,4,22.9,23,10,20,5,"0"
"861","styron",20201016,4,22.9,23,20,19,7,"1"
"862","styron",20201016,4,22.9,23,20,19,7,"1"
"863","styron",20201016,4,22.9,23,20,19,7,"1"
"864","styron",20201016,4,22.9,23,20,19,7,"1"
"865","styron",20201016,4,22.9,23,20,19,7,"1"
"866","styron",20201016,4,22.9,23,20,19,7,"1"
"867","styron",20201016,4,22.9,23,20,19,7,"0"
"868","styron",20201016,4,22.9,23,20,19,7,"0"
"869","styron",20201016,4,22.9,23,20,19,7,"0"
"870","styron",20201016,4,22.9,23,20,19,7,"0"
"871","styron",20201016,4,22.9,23,20,19,7,"0"
"872","styron",20201016,4,22.9,23,20,19,7,"0"
"873","styron",20201016,4,22.9,23,20,19,7,"0"
"874","styron",20201016,4,22.9,23,20,19,7,"0"
"875","styron",20201016,4,22.9,23,20,19,7,"0"
"876","styron",20201016,4,22.9,23,20,19,7,"0"
"877","styron",20201016,4,22.9,23,20,19,7,"0"
"878","styron",20201016,4,22.9,23,20,19,7,"0"
"879","styron",20201016,4,22.9,23,40,20,12,"1"
"880","styron",20201016,4,22.9,23,40,20,12,"1"
"881","styron",20201016,4,22.9,23,40,20,12,"1"
"882","styron",20201016,4,22.9,23,40,20,12,"1"
"883","styron",20201016,4,22.9,23,40,20,12,"1"
"884","styron",20201016,4,22.9,23,40,20,12,"1"
"885","styron",20201016,4,22.9,23,40,20,12,"1"
"886","styron",20201016,4,22.9,23,40,20,12,"1"
"887","styron",20201016,4,22.9,23,40,20,12,"1"
"888","styron",20201016,4,22.9,23,40,20,12,"1"
"889","styron",20201016,4,22.9,23,40,20,12,"1"
"890","styron",20201016,4,22.9,23,40,20,12,"0"
"891","styron",20201016,4,22.9,23,40,20,12,"0"
"892","styron",20201016,4,22.9,23,40,20,12,"0"
"893","styron",20201016,4,22.9,23,40,20,12,"0"
"894","styron",20201016,4,22.9,23,40,20,12,"0"
"895","styron",20201016,4,22.9,23,40,20,12,"0"
"896","styron",20201016,4,22.9,23,40,20,12,"0"
"897","styron",20201016,4,22.9,23,40,20,12,"0"
"898","mera",20201017,1,19.75,28.5,0,15,0,"0"
"899","mera",20201017,1,19.75,28.5,0,15,0,"0"
"900","mera",20201017,1,19.75,28.5,0,15,0,"0"
"901","mera",20201017,1,19.75,28.5,0,15,0,"0"
"902","mera",20201017,1,19.75,28.5,0,15,0,"0"
"903","mera",20201017,1,19.75,28.5,0,15,0,"0"
"904","mera",20201017,1,19.75,28.5,0,15,0,"0"
"905","mera",20201017,1,19.75,28.5,0,15,0,"0"
"906","mera",20201017,1,19.75,28.5,0,15,0,"0"
"907","mera",20201017,1,19.75,28.5,0,15,0,"0"
"908","mera",20201017,1,19.75,28.5,0,15,0,"0"
"909","mera",20201017,1,19.75,28.5,0,15,0,"0"
"910","mera",20201017,1,19.75,28.5,0,15,0,"0"
"911","mera",20201017,1,19.75,28.5,0,15,0,"0"
"912","mera",20201017,1,19.75,28.5,2.5,15,3,"1"
"913","mera",20201017,1,19.75,28.5,2.5,15,3,"1"
"914","mera",20201017,1,19.75,28.5,2.5,15,3,"0"
"915","mera",20201017,1,19.75,28.5,2.5,15,3,"0"
"916","mera",20201017,1,19.75,28.5,2.5,15,3,"0"
"917","mera",20201017,1,19.75,28.5,2.5,15,3,"0"
"918","mera",20201017,1,19.75,28.5,2.5,15,3,"0"
"919","mera",20201017,1,19.75,28.5,2.5,15,3,"0"
"920","mera",20201017,1,19.75,28.5,2.5,15,3,"0"
"921","mera",20201017,1,19.75,28.5,2.5,15,3,"0"
"922","mera",20201017,1,19.75,28.5,2.5,15,3,"0"
"923","mera",20201017,1,19.75,28.5,2.5,15,3,"0"
"924","mera",20201017,1,19.75,28.5,2.5,15,3,"0"
"925","mera",20201017,1,19.75,28.5,2.5,15,3,"0"
"926","mera",20201017,1,19.75,28.5,5,15,1,"0"
"927","mera",20201017,1,19.75,28.5,5,15,1,"0"
"928","mera",20201017,1,19.75,28.5,5,15,1,"0"
"929","mera",20201017,1,19.75,28.5,5,15,1,"0"
"930","mera",20201017,1,19.75,28.5,5,15,1,"0"
"931","mera",20201017,1,19.75,28.5,5,15,1,"0"
"932","mera",20201017,1,19.75,28.5,5,15,1,"0"
"933","mera",20201017,1,19.75,28.5,5,15,1,"0"
"934","mera",20201017,1,19.75,28.5,5,15,1,"0"
"935","mera",20201017,1,19.75,28.5,5,15,1,"0"
"936","mera",20201017,1,19.75,28.5,5,15,1,"0"
"937","mera",20201017,1,19.75,28.5,5,15,1,"0"
"938","mera",20201017,1,19.75,28.5,5,15,1,"0"
"939","mera",20201017,1,19.75,28.5,5,15,1,"0"
"940","mera",20201017,1,19.75,28.5,10,15,1,"0"
"941","mera",20201017,1,19.75,28.5,10,15,1,"0"
"942","mera",20201017,1,19.75,28.5,10,15,1,"0"
"943","mera",20201017,1,19.75,28.5,10,15,1,"0"
"944","mera",20201017,1,19.75,28.5,10,15,1,"0"
"945","mera",20201017,1,19.75,28.5,10,15,1,"0"
"946","mera",20201017,1,19.75,28.5,10,15,1,"0"
"947","mera",20201017,1,19.75,28.5,10,15,1,"0"
"948","mera",20201017,1,19.75,28.5,10,15,1,"0"
"949","mera",20201017,1,19.75,28.5,10,15,1,"0"
"950","mera",20201017,1,19.75,28.5,10,15,1,"0"
"951","mera",20201017,1,19.75,28.5,10,15,1,"0"
"952","mera",20201017,1,19.75,28.5,10,15,1,"0"
"953","mera",20201017,1,19.75,28.5,10,15,1,"0"
"954","mera",20201017,1,19.75,28.5,20,15,14,"1"
"955","mera",20201017,1,19.75,28.5,20,15,14,"1"
"956","mera",20201017,1,19.75,28.5,20,15,14,"1"
"957","mera",20201017,1,19.75,28.5,20,15,14,"1"
"958","mera",20201017,1,19.75,28.5,20,15,14,"1"
"959","mera",20201017,1,19.75,28.5,20,15,14,"1"
"960","mera",20201017,1,19.75,28.5,20,15,14,"1"
"961","mera",20201017,1,19.75,28.5,20,15,14,"1"
"962","mera",20201017,1,19.75,28.5,20,15,14,"1"
"963","mera",20201017,1,19.75,28.5,20,15,14,"1"
"964","mera",20201017,1,19.75,28.5,20,15,14,"1"
"965","mera",20201017,1,19.75,28.5,20,15,14,"1"
"966","mera",20201017,1,19.75,28.5,20,15,14,"1"
"967","mera",20201017,1,19.75,28.5,20,15,14,"0"
